"Title","Sex","Age_Class","Year"
"223",NA,"Adult",1988
"242",NA,"Adult",1988
"244",NA,"Adult",1988
"245",NA,"Adult",1988
"250",NA,"Adult",1988
"251","FemaleJ","Adult",1988
"3","Male","Adult",1988
"37","Male","Adult",1988
"43",NA,"Adult",1988
"78",NA,"Adult",1988
"1","Male","Adult",1989
"10","Male","Adult",1989
"100","FemaleJ","Adult",1989
"101","Male","Adult",1989
"102","Male","Adult",1989
"104",NA,"Adult",1989
"105",NA,"Adult",1989
"106","FemaleJ","Adult",1989
"111",NA,"Adult",1989
"115",NA,"Adult",1989
"116",NA,"Adult",1989
"118","Male","Adult",1989
"119",NA,"Adult",1989
"120","Male","Adult",1989
"124","Male","Adult",1989
"127",NA,"Adult",1989
"129",NA,"Adult",1989
"13",NA,"Adult",1989
"131","FemaleJ","Adult",1989
"132",NA,"Adult",1989
"134",NA,"Adult",1989
"135",NA,"Adult",1989
"137",NA,"Adult",1989
"138",NA,"Adult",1989
"14",NA,"Adult",1989
"141",NA,"Adult",1989
"144",NA,"Adult",1989
"145",NA,"Juvenile",1989
"146",NA,"Adult",1989
"149",NA,"Adult",1989
"15","Male","Adult",1989
"150",NA,"Adult",1989
"151","FemaleJ","Adult",1989
"152","FemaleJ","Adult",1989
"153","FemaleJ","Juvenile",1989
"156",NA,"Adult",1989
"159","FemaleJ","Adult",1989
"162","FemaleJ","Adult",1989
"168",NA,"Adult",1989
"17","FemaleJ","Adult",1989
"174",NA,"Juvenile",1989
"176",NA,"Adult",1989
"178",NA,"Adult",1989
"18","Male","Adult",1989
"183",NA,"Juvenile",1989
"184",NA,"Juvenile",1989
"186","Male","Adult",1989
"189",NA,"Adult",1989
"195",NA,"Adult",1989
"197",NA,"Adult",1989
"2",NA,"Adult",1989
"207",NA,"Adult",1989
"208","Male","Adult",1989
"21","Male","Adult",1989
"215",NA,"Adult",1989
"22",NA,"Adult",1989
"24",NA,"Adult",1989
"25",NA,"Adult",1989
"26",NA,"Juvenile",1989
"28","Male","Juvenile",1989
"29",NA,"Adult",1989
"3","Male","Adult",1989
"31",NA,"Adult",1989
"32",NA,"Adult",1989
"33","Male","Adult",1989
"34",NA,"Adult",1989
"37","Male","Adult",1989
"39",NA,"Adult",1989
"40",NA,"Adult",1989
"41",NA,"Adult",1989
"42",NA,"Adult",1989
"43",NA,"Adult",1989
"45","Male","Adult",1989
"46",NA,"Adult",1989
"47","FemaleJ","Adult",1989
"49",NA,"Juvenile",1989
"5",NA,"Adult",1989
"50",NA,"Adult",1989
"51","FemaleJ","Juvenile",1989
"52",NA,"Juvenile",1989
"54","FemaleJ","Adult",1989
"57",NA,"Adult",1989
"6",NA,"Adult",1989
"61","FemaleJ","Adult",1989
"62",NA,"Adult",1989
"63",NA,"Adult",1989
"66",NA,"Adult",1989
"67",NA,"Adult",1989
"69",NA,"Adult",1989
"74","Male","Adult",1989
"75",NA,"Adult",1989
"76","Male","Adult",1989
"78",NA,"Adult",1989
"8",NA,"Adult",1989
"83",NA,"Adult",1989
"87",NA,"Adult",1989
"89","FemaleJ","Adult",1989
"9","FemaleJ","Adult",1989
"90",NA,"Adult",1989
"91",NA,"Juvenile",1989
"92","Male","Adult",1989
"94","FemaleJ","Adult",1989
"97",NA,"Adult",1989
"98","FemaleJ","Adult",1989
"9901","FemaleJ","Adult",1989
"9912",NA,"Adult",1989
"1","Male","Adult",1990
"10","Male","Adult",1990
"101","Male","Adult",1990
"102","Male","Adult",1990
"104",NA,"Adult",1990
"105",NA,"Adult",1990
"106","FemaleJ","Adult",1990
"115",NA,"Adult",1990
"129",NA,"Adult",1990
"13",NA,"Adult",1990
"134",NA,"Adult",1990
"143",NA,"Adult",1990
"15","Male","Adult",1990
"152","FemaleJ","Adult",1990
"153","FemaleJ","Juvenile",1990
"156",NA,"Adult",1990
"158",NA,"Adult",1990
"16","Male","Adult",1990
"166",NA,"Adult",1990
"18","Male","Adult",1990
"184",NA,"Juvenile",1990
"186","Male","Adult",1990
"208","Male","Adult",1990
"21","Male","Adult",1990
"213",NA,"Adult",1990
"22",NA,"Adult",1990
"235","FemaleJ","Adult",1990
"237","FemaleJ","Adult",1990
"238",NA,"Adult",1990
"240",NA,"Adult",1990
"242",NA,"Adult",1990
"251","FemaleJ","Adult",1990
"265",NA,"Adult",1990
"266",NA,"Adult",1990
"267","FemaleJ","Adult",1990
"269","FemaleJ","Adult",1990
"270",NA,"Adult",1990
"271","FemaleJ","Adult",1990
"273","FemaleJ","Juvenile",1990
"275",NA,"Adult",1990
"277","FemaleJ","Adult",1990
"278",NA,"Adult",1990
"279",NA,"Adult",1990
"28","Male","Juvenile",1990
"280",NA,"Adult",1990
"281",NA,"Juvenile",1990
"282",NA,"Adult",1990
"283","Male","Adult",1990
"285",NA,"Adult",1990
"289","FemaleJ","Adult",1990
"290","FemaleJ","Adult",1990
"291","Male","Adult",1990
"293","Male","Adult",1990
"295",NA,"Adult",1990
"297",NA,"Adult",1990
"3","Male","Adult",1990
"301",NA,"Adult",1990
"302","FemaleJ","Adult",1990
"304",NA,"Juvenile",1990
"305",NA,"Adult",1990
"306","FemaleJ","Adult",1990
"313",NA,"Adult",1990
"314","FemaleJ","Adult",1990
"315","FemaleJ","Adult",1990
"316","FemaleJ","Adult",1990
"317",NA,"Adult",1990
"318",NA,"Adult",1990
"32",NA,"Adult",1990
"320",NA,"Juvenile",1990
"322","FemaleJ","Adult",1990
"328","FemaleJ","Adult",1990
"329",NA,"Adult",1990
"330","FemaleJ","Adult",1990
"331",NA,"Adult",1990
"332","FemaleJ","Adult",1990
"333",NA,"Adult",1990
"337",NA,"Adult",1990
"34",NA,"Adult",1990
"348",NA,"Adult",1990
"351","FemaleJ","Adult",1990
"355","Male","Adult",1990
"356",NA,"Adult",1990
"360",NA,"Adult",1990
"361",NA,"Adult",1990
"363",NA,"Adult",1990
"37","Male","Adult",1990
"370",NA,"Adult",1990
"374",NA,"Adult",1990
"375",NA,"Adult",1990
"380",NA,"Adult",1990
"383",NA,"Adult",1990
"384",NA,"Adult",1990
"385","FemaleJ","Adult",1990
"386","FemaleJ","Adult",1990
"389","FemaleJ","Adult",1990
"390","FemaleJ","Juvenile",1990
"391",NA,"Adult",1990
"394",NA,"Juvenile",1990
"395",NA,"Adult",1990
"399","FemaleJ","Adult",1990
"40",NA,"Adult",1990
"405",NA,"Adult",1990
"406","FemaleJ","Adult",1990
"407","FemaleJ","Adult",1990
"409","FemaleJ","Adult",1990
"413","Male","Adult",1990
"418","FemaleJ","Adult",1990
"420","FemaleJ","Adult",1990
"425",NA,"Adult",1990
"427",NA,"Adult",1990
"43",NA,"Adult",1990
"432",NA,"Adult",1990
"433",NA,"Adult",1990
"435",NA,"Juvenile",1990
"436",NA,"Adult",1990
"437","FemaleJ","Juvenile",1990
"440","FemaleJ","Adult",1990
"448",NA,"Adult",1990
"449",NA,"Juvenile",1990
"45","Male","Adult",1990
"450",NA,"Juvenile",1990
"452","Male","Adult",1990
"453",NA,"Adult",1990
"46",NA,"Adult",1990
"461",NA,"Adult",1990
"462","FemaleJ","Adult",1990
"464",NA,"Adult",1990
"465",NA,"Adult",1990
"466",NA,"Juvenile",1990
"467",NA,"Adult",1990
"468",NA,"Adult",1990
"47","FemaleJ","Adult",1990
"470",NA,"Adult",1990
"473",NA,"Adult",1990
"477","FemaleJ","Adult",1990
"478",NA,"Adult",1990
"479",NA,"Adult",1990
"480","Male","Adult",1990
"483",NA,"Adult",1990
"484","FemaleJ","Adult",1990
"488",NA,"Adult",1990
"490",NA,"Adult",1990
"494","Male","Adult",1990
"496","Male","Adult",1990
"498",NA,"Adult",1990
"5",NA,"Adult",1990
"501",NA,"Adult",1990
"504","Male","Adult",1990
"507","FemaleJ","Adult",1990
"508",NA,"Adult",1990
"509","Male","Adult",1990
"51","FemaleJ","Adult",1990
"510",NA,"Adult",1990
"518",NA,"Adult",1990
"531","FemaleJ","Adult",1990
"532",NA,"Adult",1990
"537",NA,"Juvenile",1990
"539",NA,"Adult",1990
"54","FemaleJ","Adult",1990
"544",NA,"Adult",1990
"545",NA,"Adult",1990
"547","FemaleJ","Adult",1990
"549","Male","Adult",1990
"554",NA,"Adult",1990
"555",NA,"Adult",1990
"558","Male","Adult",1990
"561",NA,"Adult",1990
"562","Male","Adult",1990
"563",NA,"Adult",1990
"57",NA,"Adult",1990
"59","FemaleJ","Juvenile",1990
"61","FemaleJ","Adult",1990
"63",NA,"Adult",1990
"64","FemaleJ","Adult",1990
"74","Male","Adult",1990
"76","Male","Adult",1990
"78",NA,"Adult",1990
"83",NA,"Adult",1990
"85","FemaleJ","Adult",1990
"89","FemaleJ","Adult",1990
"9","FemaleJ","Adult",1990
"92","Male","Adult",1990
"94","FemaleJ","Adult",1990
"98","FemaleJ","Adult",1990
"9902","FemaleJ","Adult",1990
"9906",NA,"Adult",1990
"9910","FemaleJ","Adult",1990
"9912",NA,"Adult",1990
"9913","FemaleJ","Adult",1990
"418","FemaleJ","Adult",1991
"572",NA,"Adult",1991
"102","Male","Adult",1993
"159","FemaleJ","Adult",1993
"235","FemaleJ","Adult",1993
"237","FemaleJ","Adult",1993
"251","FemaleJ","Adult",1993
"267","FemaleJ","Adult",1993
"29",NA,"Adult",1993
"305",NA,"Adult",1993
"317",NA,"Adult",1993
"409","FemaleJ","Adult",1993
"418","FemaleJ","Adult",1993
"432",NA,"Adult",1993
"433",NA,"Adult",1993
"45","Male","Adult",1993
"5",NA,"Adult",1993
"506","FemaleJ","Adult",1993
"507","FemaleJ","Adult",1993
"531","FemaleJ","Adult",1993
"54","FemaleJ","Adult",1993
"604",NA,"Adult",1993
"605",NA,"Adult",1993
"606","Male","Adult",1993
"607",NA,"Adult",1993
"61","FemaleJ","Adult",1993
"613",NA,"Adult",1993
"617","FemaleJ","Adult",1993
"618",NA,"Adult",1993
"619","FemaleJ","Adult",1993
"623","FemaleJ","Adult",1993
"624","FemaleJ","Adult",1993
"625","FemaleJ","Adult",1993
"626",NA,"Adult",1993
"629","FemaleJ","Adult",1993
"633","FemaleJ","Adult",1993
"635","FemaleJ","Adult",1993
"642",NA,"Adult",1993
"644",NA,"Adult",1993
"649","FemaleJ","Adult",1993
"650",NA,"Adult",1993
"653","FemaleJ","Adult",1993
"654",NA,"Adult",1993
"667","FemaleJ","Adult",1993
"668",NA,"Adult",1993
"674","FemaleJ","Adult",1993
"677","FemaleJ","Adult",1993
"683","FemaleJ","Adult",1993
"687",NA,"Adult",1993
"688",NA,"Adult",1993
"690","FemaleJ","Adult",1993
"699","FemaleJ","Adult",1993
"701","FemaleJ","Adult",1993
"702","FemaleJ","Adult",1993
"707","FemaleJ","Adult",1993
"720",NA,"Adult",1993
"722",NA,"Adult",1993
"723",NA,"Adult",1993
"9902","FemaleJ","Adult",1993
"1","Male","Adult",1994
"124","Male","Adult",1994
"131","FemaleJ","Adult",1994
"1336","FemaleJ","Adult",1994
"162","FemaleJ","Adult",1994
"18","Male","Adult",1994
"222","FemaleJ","Adult",1994
"235","FemaleJ","Adult",1994
"251","FemaleJ","Adult",1994
"3","Male","Adult",1994
"32",NA,"Adult",1994
"322","FemaleJ","Adult",1994
"385","FemaleJ","Adult",1994
"390","FemaleJ","Adult",1994
"45","Male","Adult",1994
"508",NA,"Adult",1994
"531","FemaleJ","Adult",1994
"549","Male","Adult",1994
"624","FemaleJ","Adult",1994
"629","FemaleJ","Adult",1994
"633","FemaleJ","Adult",1994
"653","FemaleJ","Adult",1994
"702","FemaleJ","Adult",1994
"707","FemaleJ","Adult",1994
"801",NA,"Adult",1994
"803",NA,"Adult",1994
"804","Male","Adult",1994
"810",NA,"Adult",1994
"811",NA,"Adult",1994
"814",NA,"Adult",1994
"818",NA,"Adult",1994
"819",NA,"Adult",1994
"822",NA,"Adult",1994
"824","Male","Adult",1994
"829",NA,"Adult",1994
"830",NA,"Juvenile",1994
"832","FemaleJ","Adult",1994
"835",NA,"Adult",1994
"837",NA,"Adult",1994
"845",NA,"Adult",1994
"848",NA,"Adult",1994
"849",NA,"Adult",1994
"850",NA,"Adult",1994
"865",NA,"Adult",1994
"866",NA,"Adult",1994
"870",NA,"Adult",1994
"871","FemaleJ","Adult",1994
"882",NA,"Adult",1994
"887",NA,"Adult",1994
"895",NA,"Adult",1994
"905","Male","Adult",1994
"907",NA,"Adult",1994
"909",NA,"Adult",1994
"915",NA,"Adult",1994
"131","FemaleJ","Adult",1995
"18","Male","Adult",1995
"390","FemaleJ","Adult",1995
"407","FemaleJ","Adult",1995
"531","FemaleJ","Adult",1995
"54","FemaleJ","Adult",1995
"633","FemaleJ","Adult",1995
"824","Male","Adult",1995
"950","FemaleJ","Adult",1995
"952","FemaleJ","Adult",1995
"959","FemaleJ","Adult",1995
"961","FemaleJ","Adult",1995
"962",NA,"Adult",1995
"965",NA,"Adult",1995
"970",NA,"Adult",1995
"971",NA,"Adult",1995
"977",NA,"Adult",1995
"1","Male","Adult",1996
"10","Male","Adult",1996
"1000","FemaleJ","Adult",1996
"1007",NA,"Adult",1996
"1009",NA,"Adult",1996
"1016",NA,"Adult",1996
"1019","FemaleJ","Adult",1996
"102","Male","Adult",1996
"1020","FemaleJ","Adult",1996
"1022","FemaleJ","Adult",1996
"1023",NA,"Calf",1996
"1025","FemaleJ","Adult",1996
"1030",NA,"Adult",1996
"1032",NA,"Adult",1996
"1040","FemaleJ","Adult",1996
"1042",NA,"Adult",1996
"1043",NA,"Juvenile",1996
"1045","FemaleJ","Adult",1996
"1046","FemaleJ","Adult",1996
"1047",NA,"Adult",1996
"1054",NA,"Adult",1996
"1057",NA,"Adult",1996
"1058","FemaleJ","Adult",1996
"1059",NA,"Adult",1996
"1062","FemaleJ","Adult",1996
"1063",NA,"Adult",1996
"1066",NA,"Adult",1996
"1068",NA,"Adult",1996
"1069",NA,"Adult",1996
"1072","FemaleJ","Adult",1996
"1081",NA,"Adult",1996
"1093",NA,"Juvenile",1996
"1094","FemaleJ","Adult",1996
"1097",NA,"Adult",1996
"1100",NA,"Adult",1996
"1109",NA,"Adult",1996
"1110",NA,"Adult",1996
"1114","Male","Adult",1996
"1116",NA,"Adult",1996
"1121",NA,"Adult",1996
"1123","Male","Adult",1996
"1124",NA,"Adult",1996
"1126","FemaleJ","Adult",1996
"1130",NA,"Adult",1996
"1134","Male","Adult",1996
"1136",NA,"Juvenile",1996
"1140",NA,"Adult",1996
"1142",NA,"Adult",1996
"1147","FemaleJ","Adult",1996
"1148",NA,"Adult",1996
"1152",NA,"Adult",1996
"1153",NA,"Adult",1996
"1155","FemaleJ","Adult",1996
"1158",NA,"Adult",1996
"1160",NA,"Adult",1996
"1163","FemaleJ","Juvenile",1996
"1168",NA,"Adult",1996
"1173","Male","Adult",1996
"1174","FemaleJ","Adult",1996
"1176",NA,"Adult",1996
"1179","Male","Adult",1996
"1183",NA,"Adult",1996
"1185",NA,"Adult",1996
"1190",NA,"Adult",1996
"120","Male","Adult",1996
"124","Male","Adult",1996
"1335",NA,"Adult",1996
"159","FemaleJ","Adult",1996
"17","FemaleJ","Adult",1996
"18","Male","Adult",1996
"183",NA,"Adult",1996
"251","FemaleJ","Adult",1996
"28","Male","Adult",1996
"303","FemaleJ","Adult",1996
"317",NA,"Adult",1996
"33","Male","Adult",1996
"363",NA,"Adult",1996
"37","Male","Adult",1996
"407","FemaleJ","Adult",1996
"409","FemaleJ","Adult",1996
"413","Male","Adult",1996
"418","FemaleJ","Adult",1996
"427",NA,"Adult",1996
"45","Male","Adult",1996
"466",NA,"Adult",1996
"480","Male","Adult",1996
"507","FemaleJ","Adult",1996
"531","FemaleJ","Adult",1996
"54","FemaleJ","Adult",1996
"549","Male","Adult",1996
"57",NA,"Adult",1996
"617","FemaleJ","Adult",1996
"624","FemaleJ","Adult",1996
"633","FemaleJ","Adult",1996
"649","FemaleJ","Adult",1996
"653","FemaleJ","Adult",1996
"677","FemaleJ","Adult",1996
"702","FemaleJ","Adult",1996
"76","Male","Adult",1996
"804","Male","Adult",1996
"824","Male","Adult",1996
"89","FemaleJ","Adult",1996
"905","Male","Adult",1996
"907",NA,"Adult",1996
"909",NA,"Adult",1996
"91",NA,"Adult",1996
"92","Male","Adult",1996
"950","FemaleJ","Adult",1996
"952","FemaleJ","Adult",1996
"9901","FemaleJ","Adult",1996
"9903",NA,"Adult",1996
"9907","Male","Adult",1996
"9911","Male","Adult",1996
"9920",NA,"Adult",1996
"9921",NA,"Adult",1996
"1","Male","Adult",1997
"1000","FemaleJ","Adult",1997
"102","Male","Adult",1997
"1020","FemaleJ","Adult",1997
"1022","FemaleJ","Adult",1997
"1042",NA,"Adult",1997
"1046","FemaleJ","Adult",1997
"1063",NA,"Adult",1997
"1069",NA,"Adult",1997
"1094","FemaleJ","Adult",1997
"1114","Male","Adult",1997
"1146",NA,"Adult",1997
"1147","FemaleJ","Adult",1997
"120","Male","Adult",1997
"1205",NA,"Adult",1997
"1206",NA,"Adult",1997
"1208",NA,"Adult",1997
"1217",NA,"Adult",1997
"1219",NA,"Adult",1997
"1220",NA,"Adult",1997
"1221",NA,"Adult",1997
"1227",NA,"Adult",1997
"1229",NA,"Adult",1997
"1233",NA,"Adult",1997
"1234",NA,"Adult",1997
"1237",NA,"Adult",1997
"1239","FemaleJ","Juvenile",1997
"124","Male","Adult",1997
"1244",NA,"Adult",1997
"1247",NA,"Adult",1997
"1248",NA,"Adult",1997
"1249",NA,"Adult",1997
"1251",NA,"Adult",1997
"1253","FemaleJ","Adult",1997
"1254","FemaleJ","Adult",1997
"1255",NA,"Adult",1997
"1258","FemaleJ","Adult",1997
"1261",NA,"Adult",1997
"1264",NA,"Adult",1997
"1266",NA,"Adult",1997
"1267","FemaleJ","Adult",1997
"127",NA,"Adult",1997
"1270",NA,"Adult",1997
"1272",NA,"Juvenile",1997
"1274",NA,"Calf",1997
"1275",NA,"Adult",1997
"1276","FemaleJ","Juvenile",1997
"1277",NA,"Adult",1997
"1280",NA,"Adult",1997
"1281",NA,"Adult",1997
"1284","FemaleJ","Juvenile",1997
"1285",NA,"Calf",1997
"1291",NA,"Juvenile",1997
"1292","Male","Adult",1997
"1293","Male","Adult",1997
"1296",NA,"Adult",1997
"1297",NA,"Adult",1997
"1301","FemaleJ","Adult",1997
"1307","FemaleJ","Adult",1997
"1309",NA,"Adult",1997
"131","FemaleJ","Adult",1997
"1311",NA,"Adult",1997
"1313","FemaleJ","Adult",1997
"1315","FemaleJ","Adult",1997
"1317",NA,"Adult",1997
"1318","FemaleJ","Adult",1997
"1320",NA,"Adult",1997
"1325","FemaleJ","Adult",1997
"1329","FemaleJ","Adult",1997
"1332","FemaleJ","Adult",1997
"1334","FemaleJ","Juvenile",1997
"1335",NA,"Adult",1997
"1336","FemaleJ","Adult",1997
"1337","FemaleJ","Adult",1997
"1344","FemaleJ","Adult",1997
"1345","Male","Adult",1997
"1346","FemaleJ","Adult",1997
"1348",NA,"Adult",1997
"1350",NA,"Adult",1997
"1351","FemaleJ","Adult",1997
"1354",NA,"Adult",1997
"1357","FemaleJ","Adult",1997
"1358","FemaleJ","Adult",1997
"1362","FemaleJ","Adult",1997
"1364","FemaleJ","Adult",1997
"1369",NA,"Adult",1997
"1370","FemaleJ","Adult",1997
"143",NA,"Adult",1997
"159","FemaleJ","Adult",1997
"162","FemaleJ","Adult",1997
"170","FemaleJ","Adult",1997
"18","Male","Adult",1997
"185","Male","Adult",1997
"251","FemaleJ","Adult",1997
"28","Male","Adult",1997
"317",NA,"Adult",1997
"37","Male","Adult",1997
"409","FemaleJ","Adult",1997
"413","Male","Adult",1997
"45","Male","Adult",1997
"480","Male","Adult",1997
"5",NA,"Adult",1997
"507","FemaleJ","Adult",1997
"509","Male","Adult",1997
"54","FemaleJ","Adult",1997
"59","FemaleJ","Adult",1997
"606","Male","Adult",1997
"619","FemaleJ","Adult",1997
"624","FemaleJ","Adult",1997
"635","FemaleJ","Adult",1997
"649","FemaleJ","Adult",1997
"653","FemaleJ","Adult",1997
"677","FemaleJ","Adult",1997
"707","FemaleJ","Adult",1997
"76","Male","Adult",1997
"804","Male","Adult",1997
"824","Male","Adult",1997
"832","FemaleJ","Adult",1997
"89","FemaleJ","Adult",1997
"9","FemaleJ","Adult",1997
"92","Male","Adult",1997
"94","FemaleJ","Adult",1997
"950","FemaleJ","Adult",1997
"952","FemaleJ","Adult",1997
"959","FemaleJ","Adult",1997
"961","FemaleJ","Adult",1997
"9901","FemaleJ","Adult",1997
"9911","Male","Adult",1997
"9914","FemaleJ","Adult",1997
"1","Male","Adult",1998
"10","Male","Adult",1998
"1019","FemaleJ","Adult",1998
"102","Male","Adult",1998
"1146",NA,"Adult",1998
"1147","FemaleJ","Adult",1998
"1155","FemaleJ","Adult",1998
"118","Male","Adult",1998
"1239","FemaleJ","Juvenile",1998
"1253","FemaleJ","Adult",1998
"1272",NA,"Juvenile",1998
"1284","FemaleJ","Juvenile",1998
"131","FemaleJ","Adult",1998
"1313","FemaleJ","Adult",1998
"1329","FemaleJ","Adult",1998
"1332","FemaleJ","Adult",1998
"1334","FemaleJ","Juvenile",1998
"1336","FemaleJ","Adult",1998
"1337","FemaleJ","Adult",1998
"1358","FemaleJ","Adult",1998
"1404","FemaleJ","Adult",1998
"1410",NA,"Juvenile",1998
"1414","FemaleJ","Adult",1998
"1417","FemaleJ","Adult",1998
"1418","FemaleJ","Adult",1998
"1420",NA,"Adult",1998
"1422","FemaleJ","Adult",1998
"1424","Male","Adult",1998
"1426",NA,"Adult",1998
"1429",NA,"Juvenile",1998
"1435",NA,"Adult",1998
"1436",NA,"Juvenile",1998
"1438",NA,"Adult",1998
"1442",NA,"Adult",1998
"1445",NA,"Adult",1998
"1450","FemaleJ","Adult",1998
"1451","FemaleJ","Adult",1998
"1452","FemaleJ","Adult",1998
"1458","Male","Adult",1998
"1461","Male","Adult",1998
"1466","FemaleJ","Juvenile",1998
"1469","FemaleJ","Adult",1998
"1470","FemaleJ","Adult",1998
"1472",NA,"Adult",1998
"1473",NA,"Adult",1998
"1479",NA,"Adult",1998
"1488",NA,"Adult",1998
"1493",NA,"Adult",1998
"1496",NA,"Adult",1998
"1497",NA,"Adult",1998
"1500",NA,"Adult",1998
"1501",NA,"Adult",1998
"1503",NA,"Adult",1998
"1504",NA,"Adult",1998
"1505",NA,"Adult",1998
"1507","FemaleJ","Adult",1998
"1510","FemaleJ","Adult",1998
"1512","FemaleJ","Adult",1998
"1513",NA,"Adult",1998
"1515",NA,"Adult",1998
"159","FemaleJ","Adult",1998
"170","FemaleJ","Adult",1998
"222","FemaleJ","Adult",1998
"251","FemaleJ","Adult",1998
"3","Male","Adult",1998
"303","FemaleJ","Adult",1998
"33","Male","Adult",1998
"37","Male","Adult",1998
"409","FemaleJ","Adult",1998
"413","Male","Adult",1998
"45","Male","Adult",1998
"480","Male","Adult",1998
"518",NA,"Adult",1998
"54","FemaleJ","Adult",1998
"549","Male","Adult",1998
"56R",NA,"Adult",1998
"653","FemaleJ","Adult",1998
"677","FemaleJ","Adult",1998
"804","Male","Adult",1998
"824","Male","Adult",1998
"89","FemaleJ","Adult",1998
"94","FemaleJ","Adult",1998
"950","FemaleJ","Adult",1998
"952","FemaleJ","Adult",1998
"961","FemaleJ","Adult",1998
"9901","FemaleJ","Adult",1998
"9915",NA,"Adult",1998
"1","Male","Adult",1999
"10","Male","Adult",1999
"1019","FemaleJ","Adult",1999
"102","Male","Adult",1999
"1022","FemaleJ","Adult",1999
"1040","FemaleJ","Adult",1999
"1114","Male","Adult",1999
"1146",NA,"Adult",1999
"1147","FemaleJ","Adult",1999
"120","Male","Adult",1999
"127",NA,"Adult",1999
"131","FemaleJ","Adult",1999
"1332","FemaleJ","Adult",1999
"1334","FemaleJ","Adult",1999
"1336","FemaleJ","Adult",1999
"1438",NA,"Adult",1999
"1461","Male","Adult",1999
"1469","FemaleJ","Adult",1999
"1470","FemaleJ","Adult",1999
"1472",NA,"Adult",1999
"1493",NA,"Adult",1999
"1602","FemaleJ","Adult",1999
"1605",NA,"Juvenile",1999
"1618",NA,"Adult",1999
"162","FemaleJ","Adult",1999
"1621",NA,"Adult",1999
"1622",NA,"Adult",1999
"1623","FemaleJ","Adult",1999
"1626",NA,"Adult",1999
"1628",NA,"Adult",1999
"1630","FemaleJ","Adult",1999
"1631","FemaleJ","Adult",1999
"1632",NA,"Adult",1999
"1633","FemaleJ","Adult",1999
"1634","FemaleJ","Adult",1999
"1645","FemaleJ","Adult",1999
"1651","FemaleJ","Juvenile",1999
"1662",NA,"Adult",1999
"1667","FemaleJ","Adult",1999
"1672",NA,"Adult",1999
"1674",NA,"Adult",1999
"1676","Male","Adult",1999
"1677",NA,"Adult",1999
"1687",NA,"Adult",1999
"1692","Male","Adult",1999
"1693","Male","Adult",1999
"1695",NA,"Adult",1999
"1696","Male","Adult",1999
"1697",NA,"Adult",1999
"17","FemaleJ","Adult",1999
"170","FemaleJ","Adult",1999
"2102","Male","Adult",1999
"251","FemaleJ","Adult",1999
"3","Male","Adult",1999
"33","Male","Adult",1999
"37","Male","Adult",1999
"413","Male","Adult",1999
"45","Male","Adult",1999
"480","Male","Adult",1999
"531","FemaleJ","Adult",1999
"54","FemaleJ","Adult",1999
"549","Male","Adult",1999
"624","FemaleJ","Adult",1999
"653","FemaleJ","Adult",1999
"674","FemaleJ","Adult",1999
"723",NA,"Adult",1999
"76","Male","Adult",1999
"804","Male","Adult",1999
"824","Male","Adult",1999
"832","FemaleJ","Adult",1999
"905","Male","Adult",1999
"94","FemaleJ","Adult",1999
"952","FemaleJ","Adult",1999
"9904",NA,"Adult",1999
"9908",NA,"Adult",1999
"9911","Male","Adult",1999
"9914","FemaleJ","Adult",1999
"9916",NA,"Adult",1999
"1","Male","Adult",2001
"1019","FemaleJ","Adult",2001
"102","Male","Adult",2001
"1173","Male","Adult",2001
"1313","FemaleJ","Adult",2001
"1336","FemaleJ","Adult",2001
"1364","FemaleJ","Adult",2001
"16","Male","Adult",2001
"1642",NA,"Adult",2001
"1676","Male","Adult",2001
"17","FemaleJ","Adult",2001
"1707",NA,"Adult",2001
"1715",NA,"Adult",2001
"1716",NA,"Adult",2001
"1720",NA,"Adult",2001
"1721",NA,"Adult",2001
"1723",NA,"Adult",2001
"1730",NA,"Juvenile",2001
"1735",NA,"Adult",2001
"1737",NA,"Adult",2001
"1739","Male","Adult",2001
"1744",NA,"Adult",2001
"1749",NA,"Adult",2001
"1750",NA,"Adult",2001
"1752",NA,"Adult",2001
"1753",NA,"Adult",2001
"1755",NA,"Adult",2001
"1756",NA,"Adult",2001
"1757","FemaleJ","Adult",2001
"1759",NA,"Adult",2001
"1764",NA,"Adult",2001
"1765",NA,"Adult",2001
"1771",NA,"Adult",2001
"1772",NA,"Adult",2001
"1774",NA,"Adult",2001
"1777",NA,"Adult",2001
"1779","Male","Adult",2001
"1791",NA,"Adult",2001
"1796",NA,"Adult",2001
"1803",NA,"Adult",2001
"1804",NA,"Adult",2001
"1818",NA,"Adult",2001
"1825",NA,"Adult",2001
"1829","Male","Adult",2001
"1832","FemaleJ","Adult",2001
"213",NA,"Adult",2001
"28","Male","Adult",2001
"293","Male","Adult",2001
"3","Male","Adult",2001
"33","Male","Adult",2001
"37","Male","Adult",2001
"45","Male","Adult",2001
"480","Male","Adult",2001
"5",NA,"Adult",2001
"507","FemaleJ","Adult",2001
"531","FemaleJ","Adult",2001
"57",NA,"Adult",2001
"606","Male","Adult",2001
"653","FemaleJ","Adult",2001
"677","FemaleJ","Adult",2001
"824","Male","Adult",2001
"89","FemaleJ","Adult",2001
"9","FemaleJ","Adult",2001
"92","Male","Adult",2001
"1","Male","Adult",2002
"10","Male","Adult",2002
"1019","FemaleJ","Adult",2002
"102","Male","Adult",2002
"120","Male","Adult",2002
"124","Male","Adult",2002
"127",NA,"Adult",2002
"1313","FemaleJ","Adult",2002
"1364","FemaleJ","Adult",2002
"1458","Male","Adult",2002
"1512","FemaleJ","Adult",2002
"16","Male","Adult",2002
"1676","Male","Adult",2002
"17","FemaleJ","Adult",2002
"1779","Male","Adult",2002
"1829","Male","Adult",2002
"1904","FemaleJ","Adult",2002
"1907",NA,"Adult",2002
"1914",NA,"Adult",2002
"1917","FemaleJ","Adult",2002
"1919",NA,"Adult",2002
"1924","Male","Adult",2002
"1926",NA,"Adult",2002
"1929","FemaleJ","Adult",2002
"1930","FemaleJ","Adult",2002
"1932",NA,"Adult",2002
"1939",NA,"Adult",2002
"1942",NA,"Adult",2002
"1943",NA,"Adult",2002
"1946",NA,"Adult",2002
"1951",NA,"Adult",2002
"1956",NA,"Adult",2002
"1957",NA,"Adult",2002
"1959",NA,"Adult",2002
"1960",NA,"Adult",2002
"1961",NA,"Adult",2002
"1962",NA,"Adult",2002
"1964",NA,"Adult",2002
"1966","Male","Adult",2002
"1967",NA,"Adult",2002
"1968",NA,"Adult",2002
"1970",NA,"Adult",2002
"1971",NA,"Adult",2002
"1972",NA,"Adult",2002
"1978","FemaleJ","Adult",2002
"1980",NA,"Adult",2002
"1981",NA,"Adult",2002
"1982",NA,"Adult",2002
"1983",NA,"Adult",2002
"1987",NA,"Juvenile",2002
"2000","FemaleJ","Adult",2002
"2008","FemaleJ","Adult",2002
"2010","FemaleJ","Adult",2002
"2013","Male","Adult",2002
"2014","FemaleJ","Adult",2002
"2019",NA,"Adult",2002
"2020",NA,"Adult",2002
"2021",NA,"Adult",2002
"2022",NA,"Juvenile",2002
"2025",NA,"Juvenile",2002
"2028","Male","Adult",2002
"2029",NA,"Adult",2002
"2030",NA,"Juvenile",2002
"2032",NA,"Adult",2002
"2033",NA,"Adult",2002
"2034",NA,"Adult",2002
"2036",NA,"Adult",2002
"2038",NA,"Adult",2002
"2040",NA,"Adult",2002
"2041",NA,"Adult",2002
"2042","FemaleJ","Juvenile",2002
"2044",NA,"Adult",2002
"2048","Male","Adult",2002
"2049",NA,"Adult",2002
"2052",NA,"Adult",2002
"2055",NA,"Adult",2002
"2056",NA,"Adult",2002
"2062","Male","Adult",2002
"2077",NA,"Adult",2002
"2081",NA,"Adult",2002
"2089",NA,"Adult",2002
"2090","Male","Adult",2002
"2096",NA,"Adult",2002
"2097",NA,"Adult",2002
"2101",NA,"Adult",2002
"2102","Male","Adult",2002
"2103",NA,"Adult",2002
"2104",NA,"Adult",2002
"2106",NA,"Adult",2002
"2107","Male","Adult",2002
"2109",NA,"Adult",2002
"2110",NA,"Adult",2002
"2112",NA,"Adult",2002
"2116",NA,"Adult",2002
"213",NA,"Adult",2002
"2130","FemaleJ","Adult",2002
"2131",NA,"Adult",2002
"2133",NA,"Adult",2002
"2135",NA,"Adult",2002
"2137",NA,"Adult",2002
"2138","Male","Adult",2002
"2144",NA,"Adult",2002
"2146",NA,"Adult",2002
"2147","FemaleJ","Adult",2002
"2148",NA,"Adult",2002
"2150",NA,"Adult",2002
"2153",NA,"Adult",2002
"2156",NA,"Adult",2002
"251","FemaleJ","Adult",2002
"28","Male","Adult",2002
"293","Male","Adult",2002
"3","Male","Adult",2002
"317",NA,"Adult",2002
"33","Male","Adult",2002
"37","Male","Adult",2002
"409","FemaleJ","Adult",2002
"413","Male","Adult",2002
"45","Male","Adult",2002
"480","Male","Adult",2002
"531","FemaleJ","Adult",2002
"549","Male","Adult",2002
"606","Male","Adult",2002
"649","FemaleJ","Adult",2002
"674","FemaleJ","Adult",2002
"677","FemaleJ","Adult",2002
"76","Male","Adult",2002
"804","Male","Adult",2002
"824","Male","Adult",2002
"832","FemaleJ","Adult",2002
"9","FemaleJ","Adult",2002
"92","Male","Adult",2002
"952","FemaleJ","Adult",2002
"961","FemaleJ","Adult",2002
"1","Male","Adult",2003
"120","Male","Adult",2003
"1470","FemaleJ","Adult",2003
"2102","Male","Adult",2003
"2107","Male","Adult",2003
"2220",NA,"Adult",2003
"2229",NA,"Adult",2003
"2232","Male","Adult",2003
"2233","Male","Adult",2003
"2235",NA,"Adult",2003
"2237",NA,"Adult",2003
"2238",NA,"Adult",2003
"2241",NA,"Adult",2003
"2246",NA,"Adult",2003
"2250",NA,"Adult",2003
"2252",NA,"Adult",2003
"2258","FemaleJ","Adult",2003
"2259",NA,"Adult",2003
"2260",NA,"Adult",2003
"2263",NA,"Adult",2003
"2308",NA,"Adult",2003
"251","FemaleJ","Adult",2003
"3","Male","Adult",2003
"33","Male","Adult",2003
"413","Male","Adult",2003
"45","Male","Adult",2003
"480","Male","Adult",2003
"54","FemaleJ","Adult",2003
"606","Male","Adult",2003
"824","Male","Adult",2003
"92","Male","Adult",2003
"9905",NA,"Adult",2003
"9909",NA,"Adult",2003
"9917",NA,"Adult",2003
"9922",NA,"Adult",2003
"1147","FemaleJ","Adult",2006
"120","Male","Adult",2006
"1313","FemaleJ","Adult",2006
"143",NA,"Adult",2006
"1458","Male","Adult",2006
"1747","FemaleJ","Adult",2006
"1757","FemaleJ","Adult",2006
"1779","Male","Adult",2006
"1904","FemaleJ","Adult",2006
"3009","Male","Adult",2006
"3012","Male","Adult",2006
"3013",NA,"Adult",2006
"3014",NA,"Adult",2006
"3024",NA,"Adult",2006
"3025",NA,"Adult",2006
"3034",NA,"Adult",2006
"3035",NA,"Adult",2006
"3046","FemaleJ","Adult",2006
"3055","FemaleJ","Adult",2006
"3056",NA,"Adult",2006
"3065","FemaleJ","Adult",2006
"3082",NA,"Adult",2006
"3085","FemaleJ","Juvenile",2006
"3086","FemaleJ","Adult",2006
"3087","FemaleJ","Adult",2006
"3098","Male","Adult",2006
"3101",NA,"Adult",2006
"3103",NA,"Adult",2006
"3105",NA,"Adult",2006
"3106",NA,"Adult",2006
"3108",NA,"Adult",2006
"4103","Male","Adult",2006
"531","FemaleJ","Adult",2006
"54","FemaleJ","Adult",2006
"558","Male","Adult",2006
"56",NA,"Adult",2006
"824","Male","Adult",2006
"832","FemaleJ","Adult",2006
"89","FemaleJ","Adult",2006
"952","FemaleJ","Adult",2006
"9918","FemaleJ","Adult",2006
"1747","FemaleJ","Adult",2007
"3012","Male","Adult",2007
"3086","FemaleJ","Adult",2007
"4103","Male","Adult",2007
"4104","Male","Adult",2007
"4107",NA,"Adult",2007
"4108",NA,"Adult",2007
"4111",NA,"Adult",2007
"4113","FemaleJ","Adult",2007
"4114","FemaleJ","Adult",2007
"4116",NA,"Adult",2007
"4117","FemaleJ","Adult",2007
"4118","FemaleJ","Adult",2007
"4119",NA,"Adult",2007
"4120",NA,"Adult",2007
"89","FemaleJ","Adult",2007
"952","FemaleJ","Adult",2007
"1114","Male","Adult",2008
"4200",NA,"Adult",2008
"4201",NA,"Adult",2008
"4203","FemaleJ","Adult",2008
"4206","FemaleJ","Adult",2008
"4207","FemaleJ","Adult",2008
"4208",NA,"Adult",2008
"76","Male","Adult",2008
"4513","FemaleJ","Adult",2009
"4514","FemaleJ","Adult",2009
"1025","FemaleJ","Adult",2010
"1147","FemaleJ","Adult",2010
"120","Male","Adult",2010
"1364","FemaleJ","Adult",2010
"1458","Male","Adult",2010
"16","Male","Adult",2010
"1747","FemaleJ","Adult",2010
"1757","FemaleJ","Adult",2010
"1779","Male","Adult",2010
"1904","FemaleJ","Adult",2010
"2028","Male","Adult",2010
"2048","Male","Adult",2010
"28","Male","Adult",2010
"3009","Male","Adult",2010
"3012","Male","Adult",2010
"3025",NA,"Adult",2010
"3086","FemaleJ","Adult",2010
"4103","Male","Adult",2010
"4113","FemaleJ","Adult",2010
"4114","FemaleJ","Adult",2010
"4117","FemaleJ","Adult",2010
"4118","FemaleJ","Adult",2010
"4203","FemaleJ","Adult",2010
"4206","FemaleJ","Adult",2010
"45","Male","Adult",2010
"4513","FemaleJ","Adult",2010
"4514","FemaleJ","Adult",2010
"480","Male","Adult",2010
"5003","Male","Adult",2010
"5009","FemaleJ","Adult",2010
"5019","Male","Adult",2010
"5025","FemaleJ","Adult",2010
"5026","FemaleJ","Adult",2010
"5028","FemaleJ","Adult",2010
"5029","FemaleJ","Adult",2010
"5031","Male","Adult",2010
"5032","FemaleJ","Adult",2010
"5033","FemaleJ","Adult",2010
"5035","Male","Adult",2010
"5036","Male","Adult",2010
"5039","Male","Adult",2010
"5044","Male","Adult",2010
"5067","Male","Adult",2010
"5069",NA,"Adult",2010
"5075","Male","Adult",2010
"5078","FemaleJ","Adult",2010
"5080","FemaleJ","Adult",2010
"5088","FemaleJ","Adult",2010
"5092","FemaleJ","Adult",2010
"5104","Male","Adult",2010
"5106","FemaleJ","Adult",2010
"5109",NA,"Adult",2010
"5111","Male","Adult",2010
"5112","FemaleJ","Adult",2010
"5113","FemaleJ","Adult",2010
"5114","Male","Adult",2010
"5127","Male","Adult",2010
"5130","FemaleJ","Adult",2010
"5137","Male","Adult",2010
"5144","FemaleJ","Adult",2010
"5148",NA,"Adult",2010
"5154",NA,"Adult",2010
"5158","Male","Adult",2010
"5161","Male","Adult",2010
"5165","Male","Adult",2010
"5184","FemaleJ","Adult",2010
"5193","FemaleJ","Adult",2010
"5223","FemaleJ","Adult",2010
"54","FemaleJ","Adult",2010
"5908","FemaleJ","Juvenile",2010
"5910",NA,"Juvenile",2010
"5919","FemaleJ","Adult",2010
"5926",NA,"Adult",2010
"5963",NA,"Adult",2010
"5986",NA,"Adult",2010
"606","Male","Adult",2010
"76","Male","Adult",2010
"804","Male","Adult",2010
"832","FemaleJ","Adult",2010
"89","FemaleJ","Adult",2010
"961","FemaleJ","Adult",2010
"9919","Male","Adult",2010
"10","Male","Adult",2011
"102","Male","Adult",2011
"1313","FemaleJ","Adult",2011
"1336","FemaleJ","Adult",2011
"1364","FemaleJ","Adult",2011
"1458","Male","Adult",2011
"16","Male","Adult",2011
"162","FemaleJ","Adult",2011
"170","FemaleJ","Adult",2011
"1739","Male","Adult",2011
"1757","FemaleJ","Adult",2011
"1779","Male","Adult",2011
"1829","Male","Adult",2011
"1929","FemaleJ","Adult",2011
"2013","Male","Adult",2011
"2028","Male","Adult",2011
"2048","Male","Adult",2011
"2102","Male","Adult",2011
"2246",NA,"Adult",2011
"293","Male","Adult",2011
"3009","Male","Adult",2011
"3012","Male","Adult",2011
"3016","FemaleJ","Adult",2011
"3025",NA,"Adult",2011
"303","FemaleJ","Adult",2011
"3098","Male","Adult",2011
"409","FemaleJ","Adult",2011
"4103","Male","Adult",2011
"4114","FemaleJ","Adult",2011
"4117","FemaleJ","Adult",2011
"4203","FemaleJ","Adult",2011
"4206","FemaleJ","Adult",2011
"45","Male","Adult",2011
"4513","FemaleJ","Adult",2011
"4514","FemaleJ","Adult",2011
"480","Male","Adult",2011
"5001","Male","Adult",2011
"5002","FemaleJ","Adult",2011
"5003","Male","Adult",2011
"5005",NA,"Adult",2011
"5006",NA,"Adult",2011
"5007","FemaleJ","Adult",2011
"5009","FemaleJ","Adult",2011
"5011","FemaleJ","Adult",2011
"5015","FemaleJ","Adult",2011
"5016","FemaleJ","Adult",2011
"5018","Male","Adult",2011
"5019","Male","Adult",2011
"5021",NA,"Adult",2011
"5024","FemaleJ","Adult",2011
"5025","FemaleJ","Adult",2011
"5026","FemaleJ","Adult",2011
"5027","FemaleJ","Adult",2011
"5028","FemaleJ","Adult",2011
"5029","FemaleJ","Adult",2011
"5031","Male","Adult",2011
"5032","FemaleJ","Adult",2011
"5033","FemaleJ","Adult",2011
"5035","Male","Adult",2011
"5036","Male","Adult",2011
"5039","Male","Adult",2011
"5041","FemaleJ","Adult",2011
"5043","FemaleJ","Adult",2011
"5044","Male","Adult",2011
"5045",NA,"Adult",2011
"5047",NA,"Adult",2011
"5049","Male","Adult",2011
"5052","FemaleJ","Adult",2011
"5053","FemaleJ","Adult",2011
"5059","Male","Adult",2011
"5061","Male","Adult",2011
"5063","Male","Adult",2011
"5064","FemaleJ","Adult",2011
"5065",NA,"Adult",2011
"5066","Male","Adult",2011
"5067","Male","Adult",2011
"5068","Male","Adult",2011
"5069",NA,"Adult",2011
"5071","Male","Adult",2011
"5075","Male","Adult",2011
"5079","FemaleJ","Adult",2011
"5080","FemaleJ","Adult",2011
"5081","FemaleJ","Adult",2011
"5088","FemaleJ","Adult",2011
"5090","FemaleJ","Juvenile",2011
"5091","FemaleJ","Adult",2011
"5092","FemaleJ","Adult",2011
"5099","FemaleJ","Adult",2011
"5103","FemaleJ","Juvenile",2011
"5104","Male","Adult",2011
"5106","FemaleJ","Adult",2011
"5108","FemaleJ","Adult",2011
"5109",NA,"Adult",2011
"5110",NA,"Adult",2011
"5111","Male","Adult",2011
"5112","FemaleJ","Adult",2011
"5113","FemaleJ","Adult",2011
"5114","Male","Adult",2011
"5115","FemaleJ","Adult",2011
"5116","FemaleJ","Adult",2011
"5117",NA,"Adult",2011
"5118",NA,"Adult",2011
"5119",NA,"Adult",2011
"5123",NA,"Adult",2011
"5124",NA,"Adult",2011
"5125",NA,"Juvenile",2011
"5126","FemaleJ","Juvenile",2011
"5127","Male","Adult",2011
"5128","FemaleJ","Adult",2011
"5129",NA,"Adult",2011
"5130","FemaleJ","Adult",2011
"5131","FemaleJ","Adult",2011
"5132",NA,"Adult",2011
"5133",NA,"Adult",2011
"5135","FemaleJ","Adult",2011
"5136","FemaleJ","Adult",2011
"5137","Male","Adult",2011
"5139",NA,"Adult",2011
"5140",NA,"Adult",2011
"5141",NA,"Adult",2011
"5142",NA,"Adult",2011
"5144","FemaleJ","Adult",2011
"5145",NA,"Adult",2011
"5146",NA,"Adult",2011
"5147",NA,"Adult",2011
"5148",NA,"Adult",2011
"5149",NA,"Adult",2011
"5150",NA,"Adult",2011
"5151",NA,"Adult",2011
"5154",NA,"Adult",2011
"5158","Male","Adult",2011
"5159","Male","Adult",2011
"5161","Male","Adult",2011
"5163",NA,"Adult",2011
"5165","Male","Adult",2011
"5166","FemaleJ","Adult",2011
"5168","FemaleJ","Adult",2011
"5169",NA,"Adult",2011
"5170","FemaleJ","Adult",2011
"5172",NA,"Adult",2011
"5173",NA,"Adult",2011
"5179",NA,"Adult",2011
"5180","FemaleJ","Adult",2011
"5183","FemaleJ","Adult",2011
"5184","FemaleJ","Adult",2011
"5185","FemaleJ","Adult",2011
"5189","FemaleJ","Adult",2011
"5191","FemaleJ","Adult",2011
"5193","FemaleJ","Adult",2011
"5194","Male","Adult",2011
"5196",NA,"Adult",2011
"5197",NA,"Adult",2011
"5198",NA,"Adult",2011
"5199","FemaleJ","Adult",2011
"5201",NA,"Adult",2011
"5202",NA,"Adult",2011
"5203",NA,"Adult",2011
"5204",NA,"Adult",2011
"5205",NA,"Adult",2011
"5206","FemaleJ","Adult",2011
"5208",NA,"Adult",2011
"5214",NA,"Adult",2011
"5216",NA,"Adult",2011
"5217",NA,"Adult",2011
"5220","FemaleJ","Adult",2011
"5221",NA,"Adult",2011
"5222",NA,"Adult",2011
"5228",NA,"Adult",2011
"5229","FemaleJ","Juvenile",2011
"531","FemaleJ","Adult",2011
"54","FemaleJ","Adult",2011
"606","Male","Adult",2011
"76","Male","Adult",2011
"804","Male","Adult",2011
"832","FemaleJ","Adult",2011
"89","FemaleJ","Adult",2011
"92","Male","Adult",2011
"952","FemaleJ","Adult",2011
"961","FemaleJ","Adult",2011
"9918","FemaleJ","Adult",2011
"9919","Male","Adult",2011
"102","Male","Adult",2013
"120","Male","Adult",2013
"1458","Male","Adult",2013
"162","FemaleJ","Adult",2013
"1676","Male","Adult",2013
"1739","Male","Adult",2013
"2028","Male","Adult",2013
"2102","Male","Adult",2013
"28","Male","Adult",2013
"3009","Male","Adult",2013
"3012","Male","Adult",2013
"3016","FemaleJ","Adult",2013
"3098","Male","Adult",2013
"4103","Male","Adult",2013
"45","Male","Adult",2013
"4513","FemaleJ","Adult",2013
"480","Male","Adult",2013
"5009","FemaleJ","Adult",2013
"5027","FemaleJ","Adult",2013
"5035","Male","Adult",2013
"5036","Male","Adult",2013
"5078","FemaleJ","Adult",2013
"5080","FemaleJ","Adult",2013
"5104","Male","Adult",2013
"5159","Male","Adult",2013
"5165","Male","Adult",2013
"5194","Male","Adult",2013
"5229","FemaleJ","Adult",2013
"54","FemaleJ","Adult",2013
"5963",NA,"Adult",2013
"6000","Male","Adult",2013
"6001","Male","Adult",2013
"6002","FemaleJ","Adult",2013
"6003","Male","Adult",2013
"6004","FemaleJ","Adult",2013
"6005","Male","Adult",2013
"6006","FemaleJ","Adult",2013
"6007",NA,"Adult",2013
"6008",NA,"Adult",2013
"6009",NA,"Adult",2013
"6010",NA,"Adult",2013
"6011","FemaleJ","Adult",2013
"6012",NA,"Adult",2013
"6013",NA,"Adult",2013
"6014","Male","Adult",2013
"6015",NA,"Adult",2013
"6016","Male","Adult",2013
"6017","Male","Adult",2013
"6018",NA,"Adult",2013
"6019",NA,"Adult",2013
"6020",NA,"Adult",2013
"6021",NA,"Adult",2013
"6022",NA,"Adult",2013
"6023",NA,"Adult",2013
"6024",NA,"Adult",2013
"6025","FemaleJ","Adult",2013
"6026","FemaleJ","Adult",2013
"6027",NA,"Adult",2013
"6028",NA,"Adult",2013
"6029",NA,"Adult",2013
"6031",NA,"Adult",2013
"6032",NA,"Adult",2013
"6033",NA,"Adult",2013
"6034",NA,"Adult",2013
"6035","Male","Adult",2013
"606","Male","Adult",2013
"92","Male","Adult",2013
"9919","Male","Adult",2013
"102","Male","Adult",2015
"1147","FemaleJ","Adult",2015
"1739","Male","Adult",2015
"1757","FemaleJ","Adult",2015
"1904","FemaleJ","Adult",2015
"2028","Male","Adult",2015
"2048","Male","Adult",2015
"293","Male","Adult",2015
"303","FemaleJ","Adult",2015
"4103","Male","Adult",2015
"4104","Male","Adult",2015
"4113","FemaleJ","Adult",2015
"4203","FemaleJ","Adult",2015
"45","Male","Adult",2015
"4513","FemaleJ","Adult",2015
"5001","Male","Adult",2015
"5002","FemaleJ","Adult",2015
"5003","Male","Adult",2015
"5018","Male","Adult",2015
"5024","FemaleJ","Adult",2015
"5025","FemaleJ","Adult",2015
"5029","FemaleJ","Adult",2015
"5035","Male","Adult",2015
"5036","Male","Adult",2015
"5059","Male","Adult",2015
"5061","Male","Adult",2015
"5068","Male","Adult",2015
"5071","Male","Adult",2015
"5075","Male","Adult",2015
"5078","FemaleJ","Adult",2015
"5080","FemaleJ","Adult",2015
"5092","FemaleJ","Adult",2015
"5104","Male","Adult",2015
"5109",NA,"Adult",2015
"5111","Male","Adult",2015
"5114","Male","Adult",2015
"5127","Male","Adult",2015
"5132",NA,"Adult",2015
"5133",NA,"Adult",2015
"5135","FemaleJ","Adult",2015
"5158","Male","Adult",2015
"5165","Male","Adult",2015
"5194","Male","Adult",2015
"5206","FemaleJ","Adult",2015
"5229","FemaleJ","Adult",2015
"531","FemaleJ","Adult",2015
"54","FemaleJ","Adult",2015
"6010",NA,"Adult",2015
"6015",NA,"Adult",2015
"6016","Male","Adult",2015
"6017","Male","Adult",2015
"6022",NA,"Adult",2015
"6025","FemaleJ","Adult",2015
"6026","FemaleJ","Adult",2015
"6027",NA,"Adult",2015
"6100",NA,"Adult",2015
"6102","Male","Adult",2015
"6103","FemaleJ","Adult",2015
"6104",NA,"Adult",2015
"6105","Male","Adult",2015
"6106","FemaleJ","Adult",2015
"6107",NA,"Juvenile",2015
"6108",NA,"Adult",2015
"6109",NA,"Adult",2015
"6110","Male","Adult",2015
"6111","FemaleJ","Adult",2015
"6112","Male","Adult",2015
"6113","FemaleJ","Adult",2015
"6114","FemaleJ","Adult",2015
"6115","FemaleJ","Juvenile",2015
"6116","FemaleJ","Juvenile",2015
"6117",NA,"Calf",2015
"6118","FemaleJ","Adult",2015
"6119",NA,"Adult",2015
"6120","FemaleJ","Adult",2015
"6121",NA,"Adult",2015
"6122","Male","Adult",2015
"6123","Male","Adult",2015
"6124","FemaleJ","Adult",2015
"6125",NA,"Adult",2015
"6126",NA,"Adult",2015
"6127","FemaleJ","Adult",2015
"6128","FemaleJ","Adult",2015
"6129",NA,"Adult",2015
"6130","FemaleJ","Adult",2015
"6131","FemaleJ","Adult",2015
"6132",NA,"Calf",2015
"6133","Male","Adult",2015
"6134","FemaleJ","Adult",2015
"6135",NA,"Adult",2015
"6136",NA,"Adult",2015
"6137",NA,"Adult",2015
"6138","Male","Adult",2015
"6139","Male","Adult",2015
"6140","FemaleJ","Adult",2015
"6141","FemaleJ","Adult",2015
"6142",NA,"Adult",2015
"6143",NA,"Juvenile",2015
"6144",NA,"Adult",2015
"6145","FemaleJ","Juvenile",2015
"6146","FemaleJ","Adult",2015
"6147","FemaleJ","Juvenile",2015
"6148",NA,"Adult",2015
"6149",NA,"Juvenile",2015
"6150","FemaleJ","Adult",2015
"6151",NA,"Adult",2015
"6153",NA,"Adult",2015
"6154","FemaleJ","Adult",2015
"6155","FemaleJ","Adult",2015
"6156","FemaleJ","Adult",2015
"6158",NA,"Adult",2015
"6159",NA,"Calf",2015
"6160",NA,"Juvenile",2015
"6161","FemaleJ","Adult",2015
"6162","FemaleJ","Adult",2015
"6163","Male","Adult",2015
"6164",NA,"Adult",2015
"6166",NA,"Adult",2015
"6167","FemaleJ","Adult",2015
"6168",NA,"Adult",2015
"6169",NA,"Adult",2015
"6170","FemaleJ","Adult",2015
"6171","FemaleJ","Adult",2015
"6172","FemaleJ","Adult",2015
"6173",NA,"Adult",2015
"6174",NA,"Juvenile",2015
"6175","Male","Adult",2015
"6176",NA,"Adult",2015
"6177",NA,"Calf",2015
"6178","FemaleJ","Adult",2015
"6179",NA,"Adult",2015
"6180",NA,"Adult",2015
"6181","FemaleJ","Calf",2015
"6182","FemaleJ","Adult",2015
"6183",NA,"Juvenile",2015
"6185","FemaleJ","Adult",2015
"6186","Male","Adult",2015
"6187",NA,"Adult",2015
"6188",NA,"Adult",2015
"6189",NA,"Adult",2015
"804","Male","Adult",2015
"832","FemaleJ","Adult",2015
"961","FemaleJ","Adult",2015
"9919","Male","Adult",2015
"102","Male","Adult",2016
"1364","FemaleJ","Adult",2016
"1458","Male","Adult",2016
"1739","Male","Adult",2016
"1757","FemaleJ","Adult",2016
"1904","FemaleJ","Adult",2016
"2048","Male","Adult",2016
"3009","Male","Adult",2016
"3012","Male","Adult",2016
"409","FemaleJ","Adult",2016
"4103","Male","Adult",2016
"4104","Male","Adult",2016
"4113","FemaleJ","Adult",2016
"4117","FemaleJ","Adult",2016
"4203","FemaleJ","Adult",2016
"45","Male","Adult",2016
"4513","FemaleJ","Adult",2016
"5001","Male","Adult",2016
"5002","FemaleJ","Adult",2016
"5003","Male","Adult",2016
"5018","Male","Adult",2016
"5019","Male","Adult",2016
"5024","FemaleJ","Adult",2016
"5025","FemaleJ","Adult",2016
"5029","FemaleJ","Adult",2016
"5035","Male","Adult",2016
"5036","Male","Adult",2016
"5059","Male","Adult",2016
"5061","Male","Adult",2016
"5064","FemaleJ","Adult",2016
"5067","Male","Adult",2016
"5068","Male","Adult",2016
"5071","Male","Adult",2016
"5075","Male","Adult",2016
"5078","FemaleJ","Adult",2016
"5080","FemaleJ","Adult",2016
"5091","FemaleJ","Adult",2016
"5104","Male","Adult",2016
"5108","FemaleJ","Adult",2016
"5111","Male","Adult",2016
"5112","FemaleJ","Adult",2016
"5114","Male","Adult",2016
"5127","Male","Adult",2016
"5132",NA,"Adult",2016
"5144","FemaleJ","Adult",2016
"5158","Male","Adult",2016
"5159","Male","Adult",2016
"5165","Male","Adult",2016
"5194","Male","Adult",2016
"531","FemaleJ","Adult",2016
"54","FemaleJ","Adult",2016
"6002","FemaleJ","Adult",2016
"6003","Male","Adult",2016
"6010",NA,"Adult",2016
"6016","Male","Adult",2016
"6017","Male","Adult",2016
"6021",NA,"Adult",2016
"6022",NA,"Adult",2016
"6025","FemaleJ","Adult",2016
"6026","FemaleJ","Adult",2016
"6102","Male","Adult",2016
"6104",NA,"Adult",2016
"6105","Male","Adult",2016
"6106","FemaleJ","Adult",2016
"6108",NA,"Adult",2016
"6112","Male","Adult",2016
"6113","FemaleJ","Adult",2016
"6115","FemaleJ","Juvenile",2016
"6123","Male","Adult",2016
"6126",NA,"Adult",2016
"6128","FemaleJ","Adult",2016
"6130","FemaleJ","Adult",2016
"6133","Male","Adult",2016
"6140","FemaleJ","Adult",2016
"6141","FemaleJ","Adult",2016
"6142",NA,"Adult",2016
"6143",NA,"Juvenile",2016
"6144",NA,"Adult",2016
"6145","FemaleJ","Juvenile",2016
"6147","FemaleJ","Juvenile",2016
"6150","FemaleJ","Adult",2016
"6151",NA,"Adult",2016
"6153",NA,"Adult",2016
"6156","FemaleJ","Adult",2016
"6160",NA,"Juvenile",2016
"6161","FemaleJ","Adult",2016
"6167","FemaleJ","Adult",2016
"6172","FemaleJ","Adult",2016
"6173",NA,"Adult",2016
"6178","FemaleJ","Adult",2016
"6185","FemaleJ","Adult",2016
"6200","FemaleJ","Adult",2016
"6201","Male","Juvenile",2016
"6202",NA,"Adult",2016
"6203","FemaleJ","Adult",2016
"6205",NA,"Adult",2016
"6206","FemaleJ","Adult",2016
"6207",NA,"Calf",2016
"6208","FemaleJ","Juvenile",2016
"6209",NA,"Adult",2016
"6210","Male","Adult",2016
"6211","FemaleJ","Adult",2016
"6212",NA,"Adult",2016
"6213",NA,"Adult",2016
"6214",NA,"Juvenile",2016
"6215","FemaleJ","Juvenile",2016
"6216","FemaleJ","Adult",2016
"6217","FemaleJ","Adult",2016
"6218",NA,"Adult",2016
"6219","FemaleJ","Juvenile",2016
"6220","Male","Adult",2016
"6221","FemaleJ","Adult",2016
"6222",NA,"Adult",2016
"6223",NA,"Adult",2016
"6224","FemaleJ","Adult",2016
"6225",NA,"Adult",2016
"6227",NA,"Adult",2016
"6228","FemaleJ","Adult",2016
"6229",NA,"Adult",2016
"6230","FemaleJ","Adult",2016
"6231","FemaleJ","Calf",2016
"6232","FemaleJ","Adult",2016
"6233","Male","Adult",2016
"6234","FemaleJ","Calf",2016
"6235",NA,"Juvenile",2016
"6236","FemaleJ","Adult",2016
"6237","FemaleJ","Adult",2016
"6238","FemaleJ","Adult",2016
"6239","FemaleJ","Juvenile",2016
"6240",NA,"Adult",2016
"6241",NA,"Adult",2016
"6242","FemaleJ","Adult",2016
"6243",NA,"Adult",2016
"6244","FemaleJ","Adult",2016
"6245",NA,"Adult",2016
"6246","FemaleJ","Adult",2016
"6247",NA,"Adult",2016
"6248",NA,"Adult",2016
"6249",NA,"Adult",2016
"6250",NA,"Juvenile",2016
"6251",NA,"Adult",2016
"6252","FemaleJ","Juvenile",2016
"6253","FemaleJ","Adult",2016
"6254","FemaleJ","Adult",2016
"6255",NA,"Adult",2016
"6256",NA,"Adult",2016
"6257","Male","Adult",2016
"6258",NA,"Adult",2016
"804","Male","Adult",2016
"832","FemaleJ","Adult",2016
"89","FemaleJ","Adult",2016
"92","Male","Adult",2016
"961","FemaleJ","Adult",2016
"9918","FemaleJ","Adult",2016
"102","Male","Adult",2017
"1739","Male","Adult",2017
"1829","Male","Adult",2017
"3012","Male","Adult",2017
"4103","Male","Adult",2017
"5003","Male","Adult",2017
"5067","Male","Adult",2017
"5071","Male","Adult",2017
"5158","Male","Adult",2017
"5159","Male","Adult",2017
"5165","Male","Adult",2017
"5206","FemaleJ","Adult",2017
"6016","Male","Adult",2017
"6017","Male","Adult",2017
"6025","FemaleJ","Adult",2017
"6026","FemaleJ","Adult",2017
"6027",NA,"Adult",2017
"6104",NA,"Adult",2017
"6120","FemaleJ","Adult",2017
"6130","FemaleJ","Adult",2017
"6145","FemaleJ","Juvenile",2017
"6185","FemaleJ","Adult",2017
"6232","FemaleJ","Adult",2017
"6233","Male","Adult",2017
"6257","Male","Adult",2017
"6300","FemaleJ","Adult",2017
"6301",NA,"Adult",2017
"6302","FemaleJ","Adult",2017
"6303","FemaleJ","Adult",2017
"804","Male","Adult",2017
"89","FemaleJ","Adult",2017
"102","Male","Adult",2019
"1336","FemaleJ","Adult",2019
"162","FemaleJ","Adult",2019
"2048","Male","Adult",2019
"303","FemaleJ","Adult",2019
"409","FemaleJ","Adult",2019
"4103","Male","Adult",2019
"4104","Male","Adult",2019
"4203","FemaleJ","Adult",2019
"45","Male","Adult",2019
"5003","Male","Adult",2019
"5018","Male","Adult",2019
"5019","Male","Adult",2019
"5025","FemaleJ","Adult",2019
"5035","Male","Adult",2019
"5036","Male","Adult",2019
"5059","Male","Adult",2019
"5067","Male","Adult",2019
"5068","Male","Adult",2019
"5078","FemaleJ","Adult",2019
"5080","FemaleJ","Adult",2019
"5092","FemaleJ","Adult",2019
"5109",NA,"Adult",2019
"5111","Male","Adult",2019
"5112","FemaleJ","Adult",2019
"5114","Male","Adult",2019
"5132",NA,"Adult",2019
"5194","Male","Adult",2019
"5206","FemaleJ","Adult",2019
"54","FemaleJ","Adult",2019
"6003","Male","Adult",2019
"6008",NA,"Adult",2019
"6021",NA,"Adult",2019
"6026","FemaleJ","Adult",2019
"6102","Male","Adult",2019
"6104",NA,"Adult",2019
"6105","Male","Adult",2019
"6113","FemaleJ","Adult",2019
"6115","FemaleJ","Adult",2019
"6120","FemaleJ","Adult",2019
"6122","Male","Adult",2019
"6123","Male","Adult",2019
"6129",NA,"Adult",2019
"6130","FemaleJ","Adult",2019
"6139","Male","Adult",2019
"6141","FemaleJ","Adult",2019
"6142",NA,"Adult",2019
"6145","FemaleJ","Adult",2019
"6151",NA,"Adult",2019
"6156","FemaleJ","Adult",2019
"6171","FemaleJ","Adult",2019
"6201","Male","Adult",2019
"6203","FemaleJ","Adult",2019
"6208","FemaleJ","Adult",2019
"6210","Male","Adult",2019
"6211","FemaleJ","Adult",2019
"6215","FemaleJ","Adult",2019
"6224","FemaleJ","Adult",2019
"6227",NA,"Adult",2019
"6231","FemaleJ","Juvenile",2019
"6235",NA,"Adult",2019
"6239","FemaleJ","Adult",2019
"6242","FemaleJ","Adult",2019
"6246","FemaleJ","Adult",2019
"6254","FemaleJ","Adult",2019
"6302","FemaleJ","Adult",2019
"6400",NA,"Adult",2019
"6401",NA,"Juvenile",2019
"6402",NA,"Adult",2019
"6405","FemaleJ","Adult",2019
"6406",NA,"Adult",2019
"6407","FemaleJ","Adult",2019
"6408","FemaleJ","Adult",2019
"6409",NA,"Adult",2019
"6410",NA,"Adult",2019
"6411",NA,"Adult",2019
"6412",NA,"Adult",2019
"6413",NA,"Adult",2019
"6414",NA,"Adult",2019
"6415","FemaleJ","Adult",2019
"6416",NA,"Adult",2019
"6417",NA,"Adult",2019
"6418","FemaleJ","Adult",2019
"6419",NA,"Adult",2019
"6420",NA,"Adult",2019
"6421","Male","Adult",2019
"6423","FemaleJ","Adult",2019
"6425",NA,"Adult",2019
"6426",NA,"Adult",2019
"6427","FemaleJ","Adult",2019
"6428",NA,"Adult",2019
"6429",NA,"Adult",2019
"6431","FemaleJ","Adult",2019
"6432",NA,"Adult",2019
"6433",NA,"Adult",2019
"6435",NA,"Adult",2019
"6436",NA,"Adult",2019
"6437","FemaleJ","Juvenile",2019
"6438",NA,"Adult",2019
"6439","Male","Adult",2019
"6440",NA,"Adult",2019
"6441","FemaleJ","Adult",2019
"6442",NA,"Adult",2019
"6443",NA,"Adult",2019
"6445","FemaleJ","Adult",2019
"6446","FemaleJ","Adult",2019
"6447","FemaleJ","Juvenile",2019
"6448","FemaleJ","Adult",2019
"6449",NA,"Adult",2019
"6450",NA,"Adult",2019
"6451",NA,"Adult",2019
"6453","Male","Adult",2019
"6454","FemaleJ","Adult",2019
"6455",NA,"Adult",2019
"6457",NA,"Adult",2019
"9918","FemaleJ","Adult",2019
"1317",NA,"Adult",2021
"1336","FemaleJ","Adult",2021
"162","FemaleJ","Adult",2021
"3086","FemaleJ","Adult",2021
"409","FemaleJ","Adult",2021
"4103","Male","Adult",2021
"4513","FemaleJ","Adult",2021
"5064","FemaleJ","Adult",2021
"5068","Male","Adult",2021
"5078","FemaleJ","Adult",2021
"5108","FemaleJ","Adult",2021
"5109",NA,"Adult",2021
"5111","Male","Adult",2021
"5114","Male","Adult",2021
"5132",NA,"Adult",2021
"5194","Male","Adult",2021
"5199","FemaleJ","Adult",2021
"54","FemaleJ","Adult",2021
"6021",NA,"Adult",2021
"6022",NA,"Adult",2021
"6026","FemaleJ","Adult",2021
"6102","Male","Adult",2021
"6105","Male","Adult",2021
"6108",NA,"Adult",2021
"6113","FemaleJ","Adult",2021
"6115","FemaleJ","Adult",2021
"6122","Male","Adult",2021
"6130","FemaleJ","Adult",2021
"6134","FemaleJ","Adult",2021
"6138","Male","Adult",2021
"6140","FemaleJ","Adult",2021
"6141","FemaleJ","Adult",2021
"6142",NA,"Adult",2021
"6153",NA,"Adult",2021
"6156","FemaleJ","Adult",2021
"6178","FemaleJ","Adult",2021
"6201","Male","Adult",2021
"6203","FemaleJ","Adult",2021
"6205",NA,"Adult",2021
"6208","FemaleJ","Adult",2021
"6210","Male","Adult",2021
"6231","FemaleJ","Adult",2021
"6237","FemaleJ","Adult",2021
"6239","FemaleJ","Adult",2021
"6246","FemaleJ","Adult",2021
"6256",NA,"Adult",2021
"6400",NA,"Adult",2021
"6401",NA,"Juvenile",2021
"6415","FemaleJ","Adult",2021
"6426",NA,"Adult",2021
"6427","FemaleJ","Adult",2021
"6431","FemaleJ","Adult",2021
"6433",NA,"Adult",2021
"6441","FemaleJ","Adult",2021
"6442",NA,"Adult",2021
"6445","FemaleJ","Adult",2021
"6448","FemaleJ","Adult",2021
"6450",NA,"Adult",2021
"6457",NA,"Adult",2021
"6501",NA,"Adult",2021
"6502","FemaleJ","Adult",2021
"6503","FemaleJ","Adult",2021
"6504",NA,"Adult",2021
"6505",NA,"Adult",2021
"6506","FemaleJ","Calf",2021
"6507",NA,"Adult",2021
"6508","FemaleJ","Juvenile",2021
"6509",NA,"Adult",2021
"6512",NA,"Juvenile",2021
"6513","FemaleJ","Adult",2021
"6514",NA,"Adult",2021
"6515","FemaleJ","Adult",2021
"6516","Male","Adult",2021
"6517","FemaleJ","Juvenile",2021
"6518","FemaleJ","Juvenile",2021
"6519","FemaleJ","Adult",2021
"6521","FemaleJ","Juvenile",2021
"6522","FemaleJ","Calf",2021
"6523",NA,"Adult",2021
"6524",NA,"Adult",2021
"6525","FemaleJ","Adult",2021
"6526","FemaleJ","Juvenile",2021
"6527","FemaleJ","Juvenile",2021
"6528",NA,"Adult",2021
"6529",NA,"Juvenile",2021
"6530",NA,"Adult",2021
"6531","FemaleJ","Adult",2021
"6532","FemaleJ","Juvenile",2021
"6533","FemaleJ","Juvenile",2021
"6534","Male","Adult",2021
"6535","FemaleJ","Juvenile",2021
"6536","Male","Adult",2021
"6537","FemaleJ","Adult",2021
"6538",NA,"Adult",2021
"6539",NA,"Adult",2021
"6540","FemaleJ","Adult",2021
"6541",NA,"Adult",2021
"6542","FemaleJ","Adult",2021
"6543","FemaleJ","Adult",2021
"6544",NA,"Calf",2021
"6545","FemaleJ","Juvenile",2021
"6546",NA,"Calf",2021
"6547",NA,"Juvenile",2021
"6549","FemaleJ","Adult",2021
"6550",NA,"Adult",2021
"6551",NA,"Adult",2021
"6552",NA,"Adult",2021
"6553",NA,"Adult",2021
"6554",NA,"Calf",2021
"6555","FemaleJ","Adult",2021
"6556","Male","Adult",2021
"6560",NA,"Adult",2021
"6561","FemaleJ","Adult",2021
"6563","FemaleJ","Adult",2021
"6564","FemaleJ","Adult",2021
"6565","FemaleJ","Adult",2021
"6566","FemaleJ","Juvenile",2021
"6567",NA,"Adult",2021
"6568","FemaleJ","Adult",2021
"832","FemaleJ","Adult",2021
"89","FemaleJ","Adult",2021
"961","FemaleJ","Adult",2021
"9918","FemaleJ","Adult",2021
"162","FemaleJ","Adult",2023
"1739","Male","Adult",2023
"409","FemaleJ","Adult",2023
"4203","FemaleJ","Adult",2023
"4513","FemaleJ","Adult",2023
"5003","Male","Adult",2023
"5059","Male","Adult",2023
"5064","FemaleJ","Adult",2023
"5067","Male","Adult",2023
"5068","Male","Adult",2023
"5078","FemaleJ","Adult",2023
"5080","FemaleJ","Adult",2023
"5108","FemaleJ","Adult",2023
"5109",NA,"Adult",2023
"5114","Male","Adult",2023
"5127","Male","Adult",2023
"5199","FemaleJ","Adult",2023
"6010",NA,"Juvenile",2023
"6022",NA,"Adult",2023
"6024",NA,"Adult",2023
"6104",NA,"Adult",2023
"6108",NA,"Adult",2023
"6112","Male","Adult",2023
"6115","FemaleJ","Adult",2023
"6140","FemaleJ","Adult",2023
"6141","FemaleJ","Adult",2023
"6145","FemaleJ","Adult",2023
"6153",NA,"Adult",2023
"6178","FemaleJ","Adult",2023
"6182","FemaleJ","Adult",2023
"6201","Male","Adult",2023
"6203","FemaleJ","Adult",2023
"6210","Male","Adult",2023
"6211","FemaleJ","Adult",2023
"6215","FemaleJ","Adult",2023
"6220","Male","Adult",2023
"6235",NA,"Adult",2023
"6246","FemaleJ","Adult",2023
"6254","FemaleJ","Adult",2023
"6302","FemaleJ","Adult",2023
"6400",NA,"Adult",2023
"6415","FemaleJ","Adult",2023
"6417",NA,"Adult",2023
"6421","Male","Adult",2023
"6431","FemaleJ","Adult",2023
"6437","FemaleJ","Adult",2023
"6440",NA,"Adult",2023
"6441","FemaleJ","Adult",2023
"6447","FemaleJ","Adult",2023
"6448","FemaleJ","Adult",2023
"6502","FemaleJ","Adult",2023
"6503","FemaleJ","Adult",2023
"6512",NA,"Adult",2023
"6514",NA,"Adult",2023
"6515","FemaleJ","Adult",2023
"6516","Male","Adult",2023
"6519","FemaleJ","Adult",2023
"6521","FemaleJ","Juvenile",2023
"6526","FemaleJ","Juvenile",2023
"6527","FemaleJ","Adult",2023
"6531","FemaleJ","Adult",2023
"6538",NA,"Adult",2023
"6539",NA,"Adult",2023
"6540","FemaleJ","Adult",2023
"6541",NA,"Adult",2023
"6542","FemaleJ","Adult",2023
"6543","FemaleJ","Adult",2023
"6549","FemaleJ","Adult",2023
"6553",NA,"Adult",2023
"6555","FemaleJ","Adult",2023
"6556","Male","Adult",2023
"6561","FemaleJ","Adult",2023
"6563","FemaleJ","Adult",2023
"6566","FemaleJ","Juvenile",2023
"6600","FemaleJ","Juvenile",2023
"6601","FemaleJ","Adult",2023
"6602","FemaleJ","Adult",2023
"6603","FemaleJ","Adult",2023
"6607",NA,"Adult",2023
"6608",NA,"Adult",2023
"6609","FemaleJ","Adult",2023
"6612",NA,"Adult",2023
"6613","FemaleJ","Juvenile",2023
"6615",NA,"Adult",2023
"6616","FemaleJ","Adult",2023
"6618","FemaleJ","Juvenile",2023
"6620","FemaleJ","Adult",2023
"6623",NA,"Adult",2023
"6626","FemaleJ","Juvenile",2023
"6628",NA,"Adult",2023
"6629","FemaleJ","Adult",2023
"6630","Male","Adult",2023
"6631","Male","Adult",2023
"6640","FemaleJ","Adult",2023
"6642","FemaleJ","Juvenile",2023
"6644","FemaleJ","Juvenile",2023
"6645","FemaleJ","Juvenile",2023
"6646","FemaleJ","Juvenile",2023
"6647",NA,"Adult",2023
"6648",NA,"Adult",2023
"6650",NA,"Adult",2023
"6652",NA,"Adult",2023
"6660",NA,"Adult",2023
"6661",NA,"Adult",2023
"6668",NA,"Adult",2023
"6669",NA,"Adult",2023
"6673","FemaleJ","Adult",2023
"6674",NA,"Juvenile",2023
"6675","FemaleJ","Juvenile",2023
"6678","FemaleJ","Juvenile",2023
"6680",NA,"Adult",2023
"6681",NA,"Adult",2023
"832","FemaleJ","Adult",2023
"961","FemaleJ","Adult",2023
"9918","FemaleJ","Adult",2023
